{
  "allFiles": [
    {
      "file": "/storage/emulated/0/AndroidIDEProjects/CIDE/build.gradle",
      "selection": {
        "end": {
          "column": 0,
          "index": 0,
          "line": 0
        },
        "start": {
          "column": 0,
          "index": 0,
          "line": 0
        }
      }
    },
    {
      "file": "/storage/emulated/0/AndroidIDEProjects/CIDE/gradle.properties",
      "selection": {
        "end": {
          "column": 0,
          "index": 0,
          "line": 0
        },
        "start": {
          "column": 0,
          "index": 0,
          "line": 0
        }
      }
    },
    {
      "file": "/storage/emulated/0/AndroidIDEProjects/CIDE/settings.gradle",
      "selection": {
        "end": {
          "column": 69,
          "index": 609,
          "line": 16
        },
        "start": {
          "column": 69,
          "index": 609,
          "line": 16
        }
      }
    },
    {
      "file": "/storage/emulated/0/AndroidIDEProjects/CIDE/gradle/wrapper/gradle-wrapper.properties",
      "selection": {
        "end": {
          "column": 0,
          "index": 142,
          "line": 3
        },
        "start": {
          "column": 0,
          "index": 142,
          "line": 3
        }
      }
    },
    {
      "file": "/storage/emulated/0/AndroidIDEProjects/CIDE/app/build.gradle",
      "selection": {
        "end": {
          "column": 14,
          "index": 644,
          "line": 32
        },
        "start": {
          "column": 14,
          "index": 644,
          "line": 32
        }
      }
    },
    {
      "file": "/storage/emulated/0/AndroidIDEProjects/CIDE/app/src/main/java/starray/android/cide/MainActivity.java",
      "selection": {
        "end": {
          "column": 24,
          "index": 454,
          "line": 16
        },
        "start": {
          "column": 24,
          "index": 454,
          "line": 16
        }
      }
    },
    {
      "file": "/storage/emulated/0/AndroidIDEProjects/CIDE/app/src/main/res/layout/activity_main.xml",
      "selection": {
        "end": {
          "column": 39,
          "index": 333,
          "line": 7
        },
        "start": {
          "column": 39,
          "index": 333,
          "line": 7
        }
      }
    }
  ],
  "selectedFile": "/storage/emulated/0/AndroidIDEProjects/CIDE/app/src/main/java/starray/android/cide/MainActivity.java"
}